Workbook

Sheet Dashboard
B2: CEU LUNCH & LEARN COMMAND DASHBOARD | N2: BY STATE (HQ)
B3: XtraLight AIA CES - Government Sector Targets | All numbers update live from the Targets tab | N3: State | O3: Firms | P3: Tier 1 | Q3: Booked
N4: PA | O4: =COUNTIF(Targets!$A$2:$A$1000,$N4) -> 10 | P4: =COUNTIFS(Targets!$A$2:$A$1000,$N4,Targets!$I$2:$I$1000,"Tier 1") -> 5 | Q4: =COUNTIFS(Targets!$A$2:$A$1000,$N4,Targets!$L$2:$L$1000,"Scheduled")+COUNTIFS(Targets!$A$2:$A$1000,$N4,Targets!$L$2:$L$1000,"Presented") -> 0
B5: Total Targets | C5: Tier 1 | D5: Not Started | E5: Active Outreach | F5: Scheduled | G5: Presented | H5: Booked Rate | N5: TX | O5: =COUNTIF(Targets!$A$2:$A$1000,$N5) -> 9 | P5: =COUNTIFS(Targets!$A$2:$A$1000,$N5,Targets!$I$2:$I$1000,"Tier 1") -> 1 | Q5: =COUNTIFS(Targets!$A$2:$A$1000,$N5,Targets!$L$2:$L$1000,"Scheduled")+COUNTIFS(Targets!$A$2:$A$1000,$N5,Targets!$L$2:$L$1000,"Presented") -> 0
B6: =COUNTA(Targets!$B$2:$B$1000) -> 126 | C6: =COUNTIF(Targets!$I$2:$I$1000,"Tier 1") -> 54 | D6: =COUNTIF(Targets!$L$2:$L$1000,"Not Started") -> 125 | E6: =COUNTIF(Targets!$L$2:$L$1000,"Outreach Sent")+COUNTIF(Targets!$L$2:$L$1000,"In Scheduling") -> 1 | F6: =COUNTIF(Targets!$L$2:$L$1000,"Scheduled") -> 0 | G6: =COUNTIF(Targets!$L$2:$L$1000,"Presented") -> 0 | H6: =IFERROR((F6+G6)/MAX(1,B6-D6),0) -> 0 | N6: NE | O6: =COUNTIF(Targets!$A$2:$A$1000,$N6) -> 8 | P6: =COUNTIFS(Targets!$A$2:$A$1000,$N6,Targets!$I$2:$I$1000,"Tier 1") -> 6 | Q6: =COUNTIFS(Targets!$A$2:$A$1000,$N6,Targets!$L$2:$L$1000,"Scheduled")+COUNTIFS(Targets!$A$2:$A$1000,$N6,Targets!$L$2:$L$1000,"Presented") -> 0
N7: NY | O7: =COUNTIF(Targets!$A$2:$A$1000,$N7) -> 8 | P7: =COUNTIFS(Targets!$A$2:$A$1000,$N7,Targets!$I$2:$I$1000,"Tier 1") -> 2 | Q7: =COUNTIFS(Targets!$A$2:$A$1000,$N7,Targets!$L$2:$L$1000,"Scheduled")+COUNTIFS(Targets!$A$2:$A$1000,$N7,Targets!$L$2:$L$1000,"Presented") -> 0
B8: Booking goal (edit): | C8: 12 | D8: Progress to goal: | E8: =MIN(1,(F6+G6)/MAX(1,C8)) -> 0 | F8: (goal = Scheduled + Presented) | N8: CA | O8: =COUNTIF(Targets!$A$2:$A$1000,$N8) -> 6 | P8: =COUNTIFS(Targets!$A$2:$A$1000,$N8,Targets!$I$2:$I$1000,"Tier 1") -> 3 | Q8: =COUNTIFS(Targets!$A$2:$A$1000,$N8,Targets!$L$2:$L$1000,"Scheduled")+COUNTIFS(Targets!$A$2:$A$1000,$N8,Targets!$L$2:$L$1000,"Presented") -> 0
N9: FL | O9: =COUNTIF(Targets!$A$2:$A$1000,$N9) -> 6 | P9: =COUNTIFS(Targets!$A$2:$A$1000,$N9,Targets!$I$2:$I$1000,"Tier 1") -> 4 | Q9: =COUNTIFS(Targets!$A$2:$A$1000,$N9,Targets!$L$2:$L$1000,"Scheduled")+COUNTIFS(Targets!$A$2:$A$1000,$N9,Targets!$L$2:$L$1000,"Presented") -> 0
N10: IL | O10: =COUNTIF(Targets!$A$2:$A$1000,$N10) -> 6 | P10: =COUNTIFS(Targets!$A$2:$A$1000,$N10,Targets!$I$2:$I$1000,"Tier 1") -> 2 | Q10: =COUNTIFS(Targets!$A$2:$A$1000,$N10,Targets!$L$2:$L$1000,"Scheduled")+COUNTIFS(Targets!$A$2:$A$1000,$N10,Targets!$L$2:$L$1000,"Presented") -> 0
B11: PIPELINE BY STATUS | N11: MN | O11: =COUNTIF(Targets!$A$2:$A$1000,$N11) -> 6 | P11: =COUNTIFS(Targets!$A$2:$A$1000,$N11,Targets!$I$2:$I$1000,"Tier 1") -> 2 | Q11: =COUNTIFS(Targets!$A$2:$A$1000,$N11,Targets!$L$2:$L$1000,"Scheduled")+COUNTIFS(Targets!$A$2:$A$1000,$N11,Targets!$L$2:$L$1000,"Presented") -> 0
B12: Status | C12: Count | D12: % of Total | N12: OH | O12: =COUNTIF(Targets!$A$2:$A$1000,$N12) -> 6 | P12: =COUNTIFS(Targets!$A$2:$A$1000,$N12,Targets!$I$2:$I$1000,"Tier 1") -> 1 | Q12: =COUNTIFS(Targets!$A$2:$A$1000,$N12,Targets!$L$2:$L$1000,"Scheduled")+COUNTIFS(Targets!$A$2:$A$1000,$N12,Targets!$L$2:$L$1000,"Presented") -> 0
B13: Not Started | C13: =COUNTIF(Targets!$L$2:$L$1000,"Not Started") -> 125 | D13: =IFERROR(C13/MAX(1,$B$6),0) -> 0.99206349 | N13: VA | O13: =COUNTIF(Targets!$A$2:$A$1000,$N13) -> 6 | P13: =COUNTIFS(Targets!$A$2:$A$1000,$N13,Targets!$I$2:$I$1000,"Tier 1") -> 4 | Q13: =COUNTIFS(Targets!$A$2:$A$1000,$N13,Targets!$L$2:$L$1000,"Scheduled")+COUNTIFS(Targets!$A$2:$A$1000,$N13,Targets!$L$2:$L$1000,"Presented") -> 0
B14: Outreach Sent | C14: =COUNTIF(Targets!$L$2:$L$1000,"Outreach Sent") -> 0 | D14: =IFERROR(C14/MAX(1,$B$6),0) -> 0 | N14: MD | O14: =COUNTIF(Targets!$A$2:$A$1000,$N14) -> 5 | P14: =COUNTIFS(Targets!$A$2:$A$1000,$N14,Targets!$I$2:$I$1000,"Tier 1") -> 2 | Q14: =COUNTIFS(Targets!$A$2:$A$1000,$N14,Targets!$L$2:$L$1000,"Scheduled")+COUNTIFS(Targets!$A$2:$A$1000,$N14,Targets!$L$2:$L$1000,"Presented") -> 0
B15: In Scheduling | C15: =COUNTIF(Targets!$L$2:$L$1000,"In Scheduling") -> 1 | D15: =IFERROR(C15/MAX(1,$B$6),0) -> 0.0079365079 | N15: TN | O15: =COUNTIF(Targets!$A$2:$A$1000,$N15) -> 4 | P15: =COUNTIFS(Targets!$A$2:$A$1000,$N15,Targets!$I$2:$I$1000,"Tier 1") -> 1 | Q15: =COUNTIFS(Targets!$A$2:$A$1000,$N15,Targets!$L$2:$L$1000,"Scheduled")+COUNTIFS(Targets!$A$2:$A$1000,$N15,Targets!$L$2:$L$1000,"Presented") -> 0
B16: Scheduled | C16: =COUNTIF(Targets!$L$2:$L$1000,"Scheduled") -> 0 | D16: =IFERROR(C16/MAX(1,$B$6),0) -> 0 | N16: CO | O16: =COUNTIF(Targets!$A$2:$A$1000,$N16) -> 3 | P16: =COUNTIFS(Targets!$A$2:$A$1000,$N16,Targets!$I$2:$I$1000,"Tier 1") -> 1 | Q16: =COUNTIFS(Targets!$A$2:$A$1000,$N16,Targets!$L$2:$L$1000,"Scheduled")+COUNTIFS(Targets!$A$2:$A$1000,$N16,Targets!$L$2:$L$1000,"Presented") -> 0
B17: Presented | C17: =COUNTIF(Targets!$L$2:$L$1000,"Presented") -> 0 | D17: =IFERROR(C17/MAX(1,$B$6),0) -> 0 | N17: GA | O17: =COUNTIF(Targets!$A$2:$A$1000,$N17) -> 3 | P17: =COUNTIFS(Targets!$A$2:$A$1000,$N17,Targets!$I$2:$I$1000,"Tier 1") -> 2 | Q17: =COUNTIFS(Targets!$A$2:$A$1000,$N17,Targets!$L$2:$L$1000,"Scheduled")+COUNTIFS(Targets!$A$2:$A$1000,$N17,Targets!$L$2:$L$1000,"Presented") -> 0
B18: Follow-Up | C18: =COUNTIF(Targets!$L$2:$L$1000,"Follow-Up") -> 0 | D18: =IFERROR(C18/MAX(1,$B$6),0) -> 0 | N18: IN | O18: =COUNTIF(Targets!$A$2:$A$1000,$N18) -> 3 | P18: =COUNTIFS(Targets!$A$2:$A$1000,$N18,Targets!$I$2:$I$1000,"Tier 1") -> 2 | Q18: =COUNTIFS(Targets!$A$2:$A$1000,$N18,Targets!$L$2:$L$1000,"Scheduled")+COUNTIFS(Targets!$A$2:$A$1000,$N18,Targets!$L$2:$L$1000,"Presented") -> 0
B19: Declined | C19: =COUNTIF(Targets!$L$2:$L$1000,"Declined") -> 0 | D19: =IFERROR(C19/MAX(1,$B$6),0) -> 0 | N19: KS | O19: =COUNTIF(Targets!$A$2:$A$1000,$N19) -> 3 | P19: =COUNTIFS(Targets!$A$2:$A$1000,$N19,Targets!$I$2:$I$1000,"Tier 1") -> 2 | Q19: =COUNTIFS(Targets!$A$2:$A$1000,$N19,Targets!$L$2:$L$1000,"Scheduled")+COUNTIFS(Targets!$A$2:$A$1000,$N19,Targets!$L$2:$L$1000,"Presented") -> 0
B20: Dormant | C20: =COUNTIF(Targets!$L$2:$L$1000,"Dormant") -> 0 | D20: =IFERROR(C20/MAX(1,$B$6),0) -> 0 | N20: KY | O20: =COUNTIF(Targets!$A$2:$A$1000,$N20) -> 3 | P20: =COUNTIFS(Targets!$A$2:$A$1000,$N20,Targets!$I$2:$I$1000,"Tier 1") -> 2 | Q20: =COUNTIFS(Targets!$A$2:$A$1000,$N20,Targets!$L$2:$L$1000,"Scheduled")+COUNTIFS(Targets!$A$2:$A$1000,$N20,Targets!$L$2:$L$1000,"Presented") -> 0
N21: MO | O21: =COUNTIF(Targets!$A$2:$A$1000,$N21) -> 3 | P21: =COUNTIFS(Targets!$A$2:$A$1000,$N21,Targets!$I$2:$I$1000,"Tier 1") -> 1 | Q21: =COUNTIFS(Targets!$A$2:$A$1000,$N21,Targets!$L$2:$L$1000,"Scheduled")+COUNTIFS(Targets!$A$2:$A$1000,$N21,Targets!$L$2:$L$1000,"Presented") -> 0
N22: OK | O22: =COUNTIF(Targets!$A$2:$A$1000,$N22) -> 3 | P22: =COUNTIFS(Targets!$A$2:$A$1000,$N22,Targets!$I$2:$I$1000,"Tier 1") -> 2 | Q22: =COUNTIFS(Targets!$A$2:$A$1000,$N22,Targets!$L$2:$L$1000,"Scheduled")+COUNTIFS(Targets!$A$2:$A$1000,$N22,Targets!$L$2:$L$1000,"Presented") -> 0
B23: BY PRIORITY TIER | N23: WA | O23: =COUNTIF(Targets!$A$2:$A$1000,$N23) -> 3 | P23: =COUNTIFS(Targets!$A$2:$A$1000,$N23,Targets!$I$2:$I$1000,"Tier 1") -> 1 | Q23: =COUNTIFS(Targets!$A$2:$A$1000,$N23,Targets!$L$2:$L$1000,"Scheduled")+COUNTIFS(Targets!$A$2:$A$1000,$N23,Targets!$L$2:$L$1000,"Presented") -> 0
B24: Tier | C24: Firms | D24: Booked | N24: AR | O24: =COUNTIF(Targets!$A$2:$A$1000,$N24) -> 2 | P24: =COUNTIFS(Targets!$A$2:$A$1000,$N24,Targets!$I$2:$I$1000,"Tier 1") -> 0 | Q24: =COUNTIFS(Targets!$A$2:$A$1000,$N24,Targets!$L$2:$L$1000,"Scheduled")+COUNTIFS(Targets!$A$2:$A$1000,$N24,Targets!$L$2:$L$1000,"Presented") -> 0
B25: Tier 1 | C25: =COUNTIF(Targets!$I$2:$I$1000,"Tier 1") -> 54 | D25: =COUNTIFS(Targets!$I$2:$I$1000,"Tier 1",Targets!$L$2:$L$1000,"Scheduled")+COUNTIFS(Targets!$I$2:$I$1000,"Tier 1",Targets!$L$2:$L$1000,"Presented") -> 0 | N25: AZ | O25: =COUNTIF(Targets!$A$2:$A$1000,$N25) -> 2 | P25: =COUNTIFS(Targets!$A$2:$A$1000,$N25,Targets!$I$2:$I$1000,"Tier 1") -> 1 | Q25: =COUNTIFS(Targets!$A$2:$A$1000,$N25,Targets!$L$2:$L$1000,"Scheduled")+COUNTIFS(Targets!$A$2:$A$1000,$N25,Targets!$L$2:$L$1000,"Presented") -> 0
B26: Tier 2 | C26: =COUNTIF(Targets!$I$2:$I$1000,"Tier 2") -> 54 | D26: =COUNTIFS(Targets!$I$2:$I$1000,"Tier 2",Targets!$L$2:$L$1000,"Scheduled")+COUNTIFS(Targets!$I$2:$I$1000,"Tier 2",Targets!$L$2:$L$1000,"Presented") -> 0 | N26: MA | O26: =COUNTIF(Targets!$A$2:$A$1000,$N26) -> 2 | P26: =COUNTIFS(Targets!$A$2:$A$1000,$N26,Targets!$I$2:$I$1000,"Tier 1") -> 0 | Q26: =COUNTIFS(Targets!$A$2:$A$1000,$N26,Targets!$L$2:$L$1000,"Scheduled")+COUNTIFS(Targets!$A$2:$A$1000,$N26,Targets!$L$2:$L$1000,"Presented") -> 0
B27: Tier 3 | C27: =COUNTIF(Targets!$I$2:$I$1000,"Tier 3") -> 18 | D27: =COUNTIFS(Targets!$I$2:$I$1000,"Tier 3",Targets!$L$2:$L$1000,"Scheduled")+COUNTIFS(Targets!$I$2:$I$1000,"Tier 3",Targets!$L$2:$L$1000,"Presented") -> 0 | N27: OR | O27: =COUNTIF(Targets!$A$2:$A$1000,$N27) -> 2 | P27: =COUNTIFS(Targets!$A$2:$A$1000,$N27,Targets!$I$2:$I$1000,"Tier 1") -> 0 | Q27: =COUNTIFS(Targets!$A$2:$A$1000,$N27,Targets!$L$2:$L$1000,"Scheduled")+COUNTIFS(Targets!$A$2:$A$1000,$N27,Targets!$L$2:$L$1000,"Presented") -> 0
N28: TBD (verify) | O28: =COUNTIF(Targets!$A$2:$A$1000,$N28) -> 2 | P28: =COUNTIFS(Targets!$A$2:$A$1000,$N28,Targets!$I$2:$I$1000,"Tier 1") -> 2 | Q28: =COUNTIFS(Targets!$A$2:$A$1000,$N28,Targets!$L$2:$L$1000,"Scheduled")+COUNTIFS(Targets!$A$2:$A$1000,$N28,Targets!$L$2:$L$1000,"Presented") -> 0
N29: WI | O29: =COUNTIF(Targets!$A$2:$A$1000,$N29) -> 2 | P29: =COUNTIFS(Targets!$A$2:$A$1000,$N29,Targets!$I$2:$I$1000,"Tier 1") -> 1 | Q29: =COUNTIFS(Targets!$A$2:$A$1000,$N29,Targets!$L$2:$L$1000,"Scheduled")+COUNTIFS(Targets!$A$2:$A$1000,$N29,Targets!$L$2:$L$1000,"Presented") -> 0
B30: BY CEU COURSE FIT | N30: AL | O30: =COUNTIF(Targets!$A$2:$A$1000,$N30) -> 1 | P30: =COUNTIFS(Targets!$A$2:$A$1000,$N30,Targets!$I$2:$I$1000,"Tier 1") -> 1 | Q30: =COUNTIFS(Targets!$A$2:$A$1000,$N30,Targets!$L$2:$L$1000,"Scheduled")+COUNTIFS(Targets!$A$2:$A$1000,$N30,Targets!$L$2:$L$1000,"Presented") -> 0
B31: Fit | C31: Firms | N31: DC | O31: =COUNTIF(Targets!$A$2:$A$1000,$N31) -> 1 | P31: =COUNTIFS(Targets!$A$2:$A$1000,$N31,Targets!$I$2:$I$1000,"Tier 1") -> 1 | Q31: =COUNTIFS(Targets!$A$2:$A$1000,$N31,Targets!$L$2:$L$1000,"Scheduled")+COUNTIFS(Targets!$A$2:$A$1000,$N31,Targets!$L$2:$L$1000,"Presented") -> 0
B32: FED (Federal Secure) | C32: =COUNTIF(Targets!$H$2:$H$1000,"FED") -> 93 | N32: IA | O32: =COUNTIF(Targets!$A$2:$A$1000,$N32) -> 1 | P32: =COUNTIFS(Targets!$A$2:$A$1000,$N32,Targets!$I$2:$I$1000,"Tier 1") -> 1 | Q32: =COUNTIFS(Targets!$A$2:$A$1000,$N32,Targets!$L$2:$L$1000,"Scheduled")+COUNTIFS(Targets!$A$2:$A$1000,$N32,Targets!$L$2:$L$1000,"Presented") -> 0
B33: COR (Correctional) | C33: =COUNTIF(Targets!$H$2:$H$1000,"COR") -> 18 | N33: LA | O33: =COUNTIF(Targets!$A$2:$A$1000,$N33) -> 1 | P33: =COUNTIFS(Targets!$A$2:$A$1000,$N33,Targets!$I$2:$I$1000,"Tier 1") -> 0 | Q33: =COUNTIFS(Targets!$A$2:$A$1000,$N33,Targets!$L$2:$L$1000,"Scheduled")+COUNTIFS(Targets!$A$2:$A$1000,$N33,Targets!$L$2:$L$1000,"Presented") -> 0
B34: Both courses | C34: =COUNTIF(Targets!$H$2:$H$1000,"FED+COR") -> 15 | N34: MI | O34: =COUNTIF(Targets!$A$2:$A$1000,$N34) -> 1 | P34: =COUNTIFS(Targets!$A$2:$A$1000,$N34,Targets!$I$2:$I$1000,"Tier 1") -> 1 | Q34: =COUNTIFS(Targets!$A$2:$A$1000,$N34,Targets!$L$2:$L$1000,"Scheduled")+COUNTIFS(Targets!$A$2:$A$1000,$N34,Targets!$L$2:$L$1000,"Presented") -> 0
N35: MT | O35: =COUNTIF(Targets!$A$2:$A$1000,$N35) -> 1 | P35: =COUNTIFS(Targets!$A$2:$A$1000,$N35,Targets!$I$2:$I$1000,"Tier 1") -> 0 | Q35: =COUNTIFS(Targets!$A$2:$A$1000,$N35,Targets!$L$2:$L$1000,"Scheduled")+COUNTIFS(Targets!$A$2:$A$1000,$N35,Targets!$L$2:$L$1000,"Presented") -> 0
N36: NM | O36: =COUNTIF(Targets!$A$2:$A$1000,$N36) -> 1 | P36: =COUNTIFS(Targets!$A$2:$A$1000,$N36,Targets!$I$2:$I$1000,"Tier 1") -> 0 | Q36: =COUNTIFS(Targets!$A$2:$A$1000,$N36,Targets!$L$2:$L$1000,"Scheduled")+COUNTIFS(Targets!$A$2:$A$1000,$N36,Targets!$L$2:$L$1000,"Presented") -> 0
N37: National (Canada HQ) | O37: =COUNTIF(Targets!$A$2:$A$1000,$N37) -> 1 | P37: =COUNTIFS(Targets!$A$2:$A$1000,$N37,Targets!$I$2:$I$1000,"Tier 1") -> 0 | Q37: =COUNTIFS(Targets!$A$2:$A$1000,$N37,Targets!$L$2:$L$1000,"Scheduled")+COUNTIFS(Targets!$A$2:$A$1000,$N37,Targets!$L$2:$L$1000,"Presented") -> 0
N38: SC | O38: =COUNTIF(Targets!$A$2:$A$1000,$N38) -> 1 | P38: =COUNTIFS(Targets!$A$2:$A$1000,$N38,Targets!$I$2:$I$1000,"Tier 1") -> 0 | Q38: =COUNTIFS(Targets!$A$2:$A$1000,$N38,Targets!$L$2:$L$1000,"Scheduled")+COUNTIFS(Targets!$A$2:$A$1000,$N38,Targets!$L$2:$L$1000,"Presented") -> 0
N39: WV | O39: =COUNTIF(Targets!$A$2:$A$1000,$N39) -> 1 | P39: =COUNTIFS(Targets!$A$2:$A$1000,$N39,Targets!$I$2:$I$1000,"Tier 1") -> 0 | Q39: =COUNTIFS(Targets!$A$2:$A$1000,$N39,Targets!$L$2:$L$1000,"Scheduled")+COUNTIFS(Targets!$A$2:$A$1000,$N39,Targets!$L$2:$L$1000,"Presented") -> 0

Sheet Targets
A1: State (HQ) | B1: Firm | C1: HQ City | D1: Firm Type | E1: Website | F1: Gov Sector Strengths | G1: 2025 Standing / Source | H1: CEU Fit | I1: Priority | J1: Angle / Entry Notes | K1: Assigned Rep Agency | L1: Status | M1: Course to Book | N1: Target Office / City | O1: Contact Name | P1: Contact Title | Q1: Contact Email / Phone | R1: Outreach Date | S1: L&L Date | T1: Next Action | U1: Notes
A2: AL | B2: Goodwyn Mills Cawood (GMC) | C2: Birmingham | D2: A/E (Integrated) | E2: gmcnetwork.com | F2: Justice / municipal (Southeast) | G2: #6 Justice Facility Architecture (2024) | H2: COR | I2: Tier 1 | J2: Southeast county/state corrections volume; in-house engineering. | L2: Not Started
A3: AR | B3: Cromwell Architects Engineers | C3: Little Rock | D3: A/E (Integrated) | E3: cromwell.com | F3: Federal | G3: Established federal A/E | H3: FED | I3: Tier 2 | J3: Long-running Little Rock federal practice. | L3: Not Started
A4: AR | B4: Garver | C4: North Little Rock | D4: Engineering (multi) | E4: garverusa.com | F4: Aviation / federal | G4: Regional engineering leader | H4: FED | I4: Tier 3 | J4: Aviation/civil-led; buildings MEP is smaller. | L4: Not Started
A5: AZ | B5: Arrington Watkins Architects | C5: Phoenix | D5: Architecture | E5: (verify domain) | F5: Corrections / justice specialist | G5: Recognized corrections niche firm | H5: COR | I5: Tier 1 | J5: Corrections-pure practice; small firm = fast L&L booking. | L5: Not Started
A6: AZ | B6: Orcutt | Winslow | C6: Phoenix | D6: Architecture | E6: orcuttwinslow.com | F6: VA / healthcare / senior living | G6: Top 6 VA Facility Architecture (2024) | H6: FED | I6: Tier 2 | J6: VA standing in the Southwest. | L6: Not Started
A7: CA | B7: Gensler | C7: San Francisco | D7: Architecture | E7: gensler.com | F7: Federal (GSA, courthouses) | G7: #2 Federal Gov Building Architecture (2025) | H7: FED | I7: Tier 3 | J7: National giant; target specific offices via local reps only. | L7: Not Started
A8: CA | B8: Introba | C8: Oakland (verify) | D8: MEP Engineering | E8: introba.com | F8: Justice / institutional | G8: Justice Facility Engineering ranked (2024) | H8: COR | I8: Tier 2 | J8: Formed from Integral Group + Ross & Baruzzini; justice practice via R&B legacy. | L8: Not Started
A9: CA | B9: Mazzetti | C9: San Francisco | D9: MEP Engineering | E9: mazzetti.com | F9: VA / healthcare | G9: National healthcare/VA MEP practice | H9: FED | I9: Tier 1 | J9: Healthcare MEP specialist with VA flow. | L9: Not Started
A10: CA | B10: P2S | C10: Long Beach | D10: MEP Engineering | E10: p2sinc.com | F10: VA / federal healthcare | G10: Top 10 VA Facility Engineering (2025) | H10: FED | I10: Tier 1 | J10: VA-heavy MEP; West Coast VA network fit. | L10: Not Started
A11: CA | B11: Salas O'Brien | C11: Irvine | D11: MEP Engineering (rollup) | E11: salasobrien.com | F11: Military / federal / VA | G11: Top 10 Military Facility Engineering (2025) | H11: FED+COR | I11: Tier 1 | J11: Fast-growing MEP consolidator; many local offices = many L&L slots. | L11: Not Started
A12: CA | B12: Tetra Tech | C12: Pasadena | D12: Engineering (multi) | E12: tetratech.com | F12: Federal / justice | G12: Justice Facility Engineering ranked (2023-24) | H12: FED+COR | I12: Tier 3 | J12: Huge federal services firm; buildings MEP is a subset. | L12: Not Started
A13: CO | B13: Arcadis North America | C13: Highlands Ranch | D13: A/E (Integrated) | E13: arcadis.com | F13: Federal (GSA/DoD) | G13: #3 Federal Gov Building Architecture (2025) | H13: FED | I13: Tier 3 | J13: Global giant; pursue office-by-office. | L13: Not Started
... A89: OR | B89: ZGF Architects | C89: Portland | D89: Architecture | E89: zgf.com | F89: Federal (GSA/courthouse) | G89: Top 10 Federal Gov Building Architecture (2025) | H89: FED | I89: Tier 3 | J89: Design-led; MEP outside. | L89: Not Started
A90: PA | B90: AE Works | C90: Pittsburgh | D90: A/E (Integrated) | E90: aeworks.com | F90: VA / federal secure | G90: #2 VA Facility Architecture (2025) | H90: FED | I90: Tier 1 | J90: HOME FIELD: Pittsburgh VA specialist ranked #2 nationally. Book personally, first. | K90: (direct - Doyle) | L90: In Scheduling | M90: FED | N90: Pittsburgh, PA | O90: (verify EE lead at booking) | P90: Director of Engineering | Q90: via aeworks.com contact form | R90: 2026-07-30 | T90: Confirm August date + AV needs | U90: EXAMPLE ROW - overwrite with real data
A91: PA | B91: Buchart Horn | C91: York | D91: A/E (Integrated) | E91: (verify domain) | F91: Federal / DoD / municipal | G91: Established PA A/E | H91: FED | I91: Tier 2 | J91: Central PA federal coverage. | L91: Not Started
A92: PA | B92: CJL Engineering | C92: Moon Township (Pittsburgh) | D92: MEP Engineering | E92: cjlengineering.com | F92: Healthcare / institutional / VA | G92: Regional MEP | H92: FED | I92: Tier 2 | J92: Home-region MEP; easy first-mile booking. | L92: Not Started
A93: PA | B93: EwingCole | C93: Philadelphia | D93: A/E (Integrated) | E93: ewingcole.com | F93: Federal (FDA / VA / DoD) | G93: Major federal A/E practice | H93: FED | I93: Tier 1 | J93: Philadelphia federal design anchor; in-house MEP. | L93: Not Started
A94: PA | B94: GFT (formerly Gannett Fleming) | C94: Camp Hill (Harrisburg) | D94: Engineering (multi) | E94: gannettfleming.com | F94: Military / federal infrastructure | G94: Top 10 Military Facility Engineering (2025) | H94: FED | I94: Tier 1 | J94: PA firm, drivable; rebranded to GFT in 2024. | L94: Not Started
A95: PA | B95: H.F. Lenz | C95: Johnstown | D95: MEP Engineering | E95: hflenz.com | F95: Federal / VA / institutional | G95: Established MEP consultant | H95: FED | I95: Tier 2 | J95: Western PA MEP with federal/VA record. | L95: Not Started
A96: PA | B96: Larson Design Group | C96: Williamsport | D96: A/E (Integrated) | E96: larsondesigngroup.com | F96: Military / federal | G96: Top 10 Military Facility Architecture (2025) | H96: FED | I96: Tier 1 | J96: PA firm; growing federal practice. | L96: Not Started
A97: PA | B97: Michael Baker International | C97: Pittsburgh (Moon Twp) | D97: Engineering (multi) | E97: mbakerintl.com | F97: Federal / military | G97: #7 Federal Engineering; #6 Military Engineering (2025) | H97: FED | I97: Tier 1 | J97: HOME FIELD: HQ in your backyard. Pilot the L&L format here. | L97: Not Started
A98: PA | B98: NELSON Worldwide | C98: Philadelphia (multi) | D98: Architecture | E98: nelsonworldwide.com | F98: Justice / civic | G98: Top 5 Justice Facility Architecture (2025) | H98: COR | I98: Tier 2 | J98: Confirm which office carries the justice practice. | L98: Not Started
A99: PA | B99: Pennoni | C99: Philadelphia | D99: Engineering (multi) | E99: pennoni.com | F99: Federal / institutional | G99: Regional multi-discipline engineering | H99: FED | I99: Tier 2 | J99: Mid-Atlantic federal coverage. | L99: Not Started
A100: SC | B100: LS3P Associates | C100: Charleston | D100: Architecture | E100: ls3p.com | F100: Military / federal (Southeast) | G100: Top 10 Military Facility Architecture (2025) | H100: FED | I100: Tier 2 | J100: Southeast military bases coverage. | L100: Not Started
A101: TBD (verify) | B101: Above Group | C101: (verify HQ) | D101: Engineering | E101: (verify domain) | F101: VA | G101: #3 VA Facility Engineering (2025) | H101: FED | I101: Tier 1 | J101: VERIFY HQ/site - #3 VA engineering standing makes this worth 10 minutes of research. | L101: Not Started
A102: TBD (verify) | B102: CB Design Group | C102: (verify HQ) | D102: Engineering | E102: (verify domain) | F102: VA | G102: #4 VA Facility Engineering (2025) | H102: FED | I102: Tier 1 | J102: VERIFY HQ/site - #4 VA engineering standing. | L102: Not Started
... A127: WV | B127: Silling Architects | C127: Charleston | D127: Architecture | E127: (verify domain) | F127: Justice / courts | G127: Regional justice/courts practice | H127: COR | I127: Tier 2 | J127: Courts/justice work in WV/Mid-Atlantic. | L127: Not Started

Sheet READ ME
B2: XtraLight AIA CES Lunch & Learn - Command Workbook
B3: GENERATED FILE - built from data/targets.csv by scripts/build_workbook.py. To change the roster permanently, edit the CSV and rebuild (or commit to GitHub and let the Action rebuild). Direct edits to this file can be pulled back into the CSV with scripts/sync_from_workbook.py.
B5: WHAT TO EDIT
B6: Pale-yellow cells: columns K-U on the Targets tab (rep agency, status, course, office, contact, dates, actions, notes) and the blue Booking Goal cell on the Dashboard. Everything else is data or formulas - leave it alone and the Dashboard stays live.
B7: The AE Works row is pre-filled as a format example - overwrite it with real data. Status and Course columns have dropdowns; pick from the list so the Dashboard counts stay accurate.
B8: Status ladder: Not Started > Outreach Sent > In Scheduling > Scheduled > Presented, with Follow-Up / Declined / Dormant as exits. Scheduled turns green, Presented dark green, Declined gray - automatically.
B10: HOW TO WORK THE LIST
B11: 1. HQ state understates reach - most Tier 1-3 firms run 10-100+ offices. Book the office nearest the rep agency, not the HQ, except the Pittsburgh home-field targets.
B12: 2. Entry paths by hit rate: (a) rep agency's existing relationship with the office's electrical dept head or spec team; (b) the firm's published lunch-and-learn / CES presentation request route; (c) named electrical engineers / lighting designers via LinkedIn, citing the specific HSW course title and 1.0 LU|HSW credit.
B13: 3. Named individual contacts are deliberately not pre-loaded - they churn fast. Capture them in columns O-Q as you verify at booking time.
B14: 4. Filter plays: Priority = Tier 1 + CEU Fit = COR gives the corrections call block. State = PA gives the home-field week. State = NE gives the Omaha VA cluster - one trip, eight firms.
B16: LEGEND
... B18: CEU Fit: FED = Federal Secure Facilities HSW. COR = Correctional/Secure Environments HSW. FED+COR = both. (Food & Bev course targets a different firm universe; SSOE is the one crossover flag.)
